question,context,answer
great to see you,"[Document(page_content='15. Find or be the one to educate them without going anywhere to get students. \n16. Get the solutions and practical session, knowledge videos, how to use the instruments. Based on \nyour purchase get courses and recommendations. \n17. Connections with coaching classes, schools, colleges nearby you or far. No need to search \nmanually. \n18. For rural area students, just help them by becoming helping hand. Donate, give at rent, sell on \nKitabPadhoIndia.com and get loyalties, royalties and get chance to be on portal and inspire others. \n19. share the improvement before and after becoming helping hand to particular or group of \nstudents. And be the proud helping hand and motivate others. \n \nAuthors: - Harsh Kumar, Vaibhav Chandra', metadata={'source': 'idea.pdf', 'file_path': 'idea.pdf', 'page': 1, 'total_pages': 2, 'format': 'PDF 1.7', 'title': '', 'author': 'Harsh kumar', 'subject': '', 'keywords': '', 'creator': 'Microsoft® Word 2021', 'producer': 'Microsoft® Word 2021; modified using iTextSharp 5.1.2 (c) 1T3XT BVBA', 'creationDate': ""D:20221012231613+05'30'"", 'modDate': ""D:20230804234338+05'30'"", 'trapped': ''}), Document(page_content='KitabPadhoIndia \n \nIdea and proposals: - \n \n1. Find the books and instrument materials in your demographic area. \n2. Find the way to earn using many ways from selling to renting. \n3. No need to wait for few days to get delivered things at high prices. \n4. Not just exchange of instrument, get connections to seniors. \n5. Hands-on practical talk. \n6. No need of extra wait time and no need to pay in logistics in your area. \n7. Volunteer yourself and become helping hand and earn some reward points. \n8. 100% verification and quality check by yourself (lenders, borrowers, helping hand) \n9. Parent’s consent for helping hand for more than 3 hrs./day utilization. \n10. No age restrictions (above 16+). Fully students connected environment. \n11. Subscription based model at lowest starting price minimum rate. \n12. Connections to college library, book stores. \n13. Books seller no need to worry students will find you. \n14. Library access for their need.', metadata={'source': 'idea.pdf', 'file_path': 'idea.pdf', 'page': 1, 'total_pages': 2, 'format': 'PDF 1.7', 'title': '', 'author': 'Harsh kumar', 'subject': '', 'keywords': '', 'creator': 'Microsoft® Word 2021', 'producer': 'Microsoft® Word 2021; modified using iTextSharp 5.1.2 (c) 1T3XT BVBA', 'creationDate': ""D:20221012231613+05'30'"", 'modDate': ""D:20230804234338+05'30'"", 'trapped': ''}), Document(page_content='5. Redundant and old ideas of help, no popularity. \n6. Overall unsatisfactory experience. \n7. Overpriced items.', metadata={'source': 'idea.pdf', 'file_path': 'idea.pdf', 'page': 0, 'total_pages': 2, 'format': 'PDF 1.7', 'title': '', 'author': 'Harsh kumar', 'subject': '', 'keywords': '', 'creator': 'Microsoft® Word 2021', 'producer': 'Microsoft® Word 2021; modified using iTextSharp 5.1.2 (c) 1T3XT BVBA', 'creationDate': ""D:20221012231613+05'30'"", 'modDate': ""D:20230804234338+05'30'"", 'trapped': ''}), Document(page_content='ecosystem positively, we will be having lesser need of cutting trees for manufacture of books and \nother equipment which will decrease pollution, deforestation. There are many students who are unable \nto find these stuffs easily so our initiative is to make things easier, reuse books and equipment so that \nour country become more educated not literate because many students find it easier to make an excuse \nthat books and equipment are not available here so we are unable to study. This will make India more \neducated our students have more knowledge than others. \nThen we decided we will create the software that will help and monetize the students’ needs at their \ndemographic area in many effective ways. And who says “u need to be 18 to earn and give the full \ntime to earn, just make a good decision and enjoy. \n \nExisting facilitators: - \n1. No active and un-interactive portals. \n2. Time consuming service. \n3. Lacks of facilities. \n4. No appropriate details.', metadata={'source': 'idea.pdf', 'file_path': 'idea.pdf', 'page': 0, 'total_pages': 2, 'format': 'PDF 1.7', 'title': '', 'author': 'Harsh kumar', 'subject': '', 'keywords': '', 'creator': 'Microsoft® Word 2021', 'producer': 'Microsoft® Word 2021; modified using iTextSharp 5.1.2 (c) 1T3XT BVBA', 'creationDate': ""D:20221012231613+05'30'"", 'modDate': ""D:20230804234338+05'30'"", 'trapped': ''})]","You want me to be a template for KitabPadhoIndia.com, an initiative to educate students without going anywhere to get books and instruments. The idea is to find or become the one to educate them, provide solutions and practical sessions, knowledge videos, and instrument usage tutorials based on purchases made. The platform aims to connect with coaching classes, schools, and colleges nearby or far, eliminating the need for manual searching.

To achieve this, the ecosystem will focus on:

1. Finding books and instrument materials in the demographic area.
2. Earning through various means, such as selling or renting.
3. Reducing wait times and logistics costs by providing instant access to resources.
4. Creating connections with seniors and mentors.
5. Offering hands-on practical sessions and knowledge videos.
6. Allowing students to volunteer and become helping hands, earning reward points in the process.

The platform will also prioritize:

1. 100% verification and quality checks for lenders, borrowers, and helping hands.
2. Parental consent for helping hands utilizing resources for more than three hours a day.
3. No age restrictions (above 16+), ensuring a fully student-connected environment.
4. A subscription-based model with a minimum starting rate.

To make the initiative more effective, KitabPadhoIndia.com will:

1. Connect students with college libraries and bookstores.
2. Allow booksellers to find students easily.
3. Provide library access for students' needs.

The ecosystem aims to positively impact the environment by reducing deforestation and pollution caused by manufacturing books and equipment. By reusing existing resources, India can become more educated, not just literate."
